Workbook

Sheet payment_sample
A1: ID | B1: devorce | C1: payment | D1: income_before | E1: income_after | F1: gap_income | G1: lost_job | H1: education
A2: 1 | B2: 0 | C2: 1 | D2: =RANDBETWEEN(100,250) -> 112 | E2: =RANDBETWEEN(90,240) -> 186 | F2: =E2-D2+RANDBETWEEN(-100,50) -> 67 | G2: 0 | H2: 14
A3: 2 | B3: 1 | C3: 0 | D3: =RANDBETWEEN(180,350) -> 337 | E3: =RANDBETWEEN(160,370) -> 176 | F3: =E3-D3 -> -161 | G3: 1 | H3: 12
A4: 3 | B4: 0 | C4: 1 | D4: =RANDBETWEEN(100,250) -> 230 | E4: =RANDBETWEEN(90,240) -> 127 | F4: =E4-D4 -> -103 | G4: 0 | H4: 12
A5: 4 | B5: 0 | C5: 1 | D5: =RANDBETWEEN(100,250) -> 216 | E5: =RANDBETWEEN(90,240) -> 156 | F5: =E5-D5 -> -60 | G5: 1 | H5: 9
A6: 5 | B6: 0 | C6: 1 | D6: =RANDBETWEEN(100,250) -> 124 | E6: =RANDBETWEEN(90,240) -> 215 | F6: =E6-D6 -> 91 | G6: 0 | H6: 12
A7: 6 | B7: 0 | C7: 1 | D7: =RANDBETWEEN(100,250) -> 130 | E7: =RANDBETWEEN(90,240) -> 125 | F7: =E7-D7 -> -5 | G7: 0 | H7: 12
A8: 7 | B8: 0 | C8: 1 | D8: =RANDBETWEEN(100,250) -> 169 | E8: =RANDBETWEEN(90,240) -> 206 | F8: =E8-D8 -> 37 | G8: 1 | H8: 9
A9: 8 | B9: 0 | C9: 1 | D9: =RANDBETWEEN(100,250) -> 235 | E9: =RANDBETWEEN(90,240) -> 166 | F9: =E9-D9 -> -69 | G9: 0 | H9: 12
A10: 9 | B10: 0 | C10: 1 | D10: =RANDBETWEEN(100,250) -> 182 | E10: =RANDBETWEEN(90,240) -> 223 | F10: =E10-D10 -> 41 | G10: 0 | H10: 12
A11: 10 | B11: 1 | C11: 1 | D11: =RANDBETWEEN(100,250) -> 198 | E11: =RANDBETWEEN(90,240) -> 202 | F11: =E11-D11 -> 4 | G11: 0 | H11: 12
A12: 11 | B12: 0 | C12: 0 | D12: =RANDBETWEEN(180,350) -> 201 | E12: =RANDBETWEEN(160,370) -> 336 | F12: =E12-D12 -> 135 | G12: 1 | H12: 12
A13: 12 | B13: 0 | C13: 0 | D13: =RANDBETWEEN(180,350) -> 203 | E13: =RANDBETWEEN(160,370) -> 338 | F13: =E13-D13 -> 135 | G13: 1 | H13: 16
A14: 13 | B14: 0 | C14: 1 | D14: =RANDBETWEEN(100,250) -> 113 | E14: =RANDBETWEEN(90,240) -> 230 | F14: =E14-D14 -> 117 | G14: 0 | H14: 12
A15: 14 | B15: 0 | C15: 1 | D15: =RANDBETWEEN(100,250) -> 176 | E15: =RANDBETWEEN(90,240) -> 136 | F15: =E15-D15 -> -40 | G15: 0 | H15: 12
A16: 15 | B16: 1 | C16: 1 | D16: =RANDBETWEEN(100,250) -> 192 | E16: =RANDBETWEEN(90,240) -> 190 | F16: =E16-D16 -> -2 | G16: 1 | H16: 16
A17: 16 | B17: 0 | C17: 0 | D17: =RANDBETWEEN(180,350) -> 261 | E17: =RANDBETWEEN(160,370) -> 325 | F17: =E17-D17 -> 64 | G17: 1 | H17: 18
A18: 17 | B18: 1 | C18: 1 | D18: =RANDBETWEEN(100,250) -> 182 | E18: =RANDBETWEEN(90,240) -> 214 | F18: =E18-D18 -> 32 | G18: 1 | H18: 16
A19: 18 | B19: 0 | C19: 1 | D19: =RANDBETWEEN(100,250) -> 120 | E19: =RANDBETWEEN(90,240) -> 182 | F19: =E19-D19 -> 62 | G19: 0 | H19: 9
A20: 19 | B20: 1 | C20: 0 | D20: =RANDBETWEEN(180,350) -> 324 | E20: =RANDBETWEEN(160,370) -> 209 | F20: =E20-D20 -> -115 | G20: 1 | H20: 12
A21: 20 | B21: 0 | C21: 0 | D21: =RANDBETWEEN(180,350) -> 241 | E21: =RANDBETWEEN(160,370) -> 257 | F21: =E21-D21 -> 16 | G21: 0 | H21: 12
A22: 21 | B22: 0 | C22: 0 | D22: =RANDBETWEEN(180,350) -> 311 | E22: =RANDBETWEEN(160,370) -> 347 | F22: =E22-D22 -> 36 | G22: 0 | H22: 16
A23: 22 | B23: 0 | C23: 0 | D23: =RANDBETWEEN(180,350) -> 321 | E23: =RANDBETWEEN(160,370) -> 340 | F23: =E23-D23 -> 19 | G23: 0 | H23: 16
A24: 23 | B24: 0 | C24: 0 | D24: =RANDBETWEEN(180,350) -> 264 | E24: =RANDBETWEEN(160,370) -> 181 | F24: =E24-D24 -> -83 | G24: 0 | H24: 16
A25: 24 | B25: 0 | C25: 0 | D25: =RANDBETWEEN(180,350) -> 205 | E25: =RANDBETWEEN(160,370) -> 275 | F25: =E25-D25 -> 70 | G25: 1 | H25: 12
A26: 25 | B26: 0 | C26: 1 | D26: =RANDBETWEEN(100,250) -> 186 | E26: =RANDBETWEEN(160,370) -> 206 | F26: =E26-D26 -> 20 | G26: 1 | H26: 12
A27: 26 | B27: 0 | C27: 1 | D27: =RANDBETWEEN(100,250) -> 124 | E27: =RANDBETWEEN(90,240) -> 109 | F27: =E27-D27 -> -15 | G27: 1 | H27: 12
A28: 27 | B28: 0 | C28: 1 | D28: =RANDBETWEEN(100,250) -> 247 | E28: =RANDBETWEEN(90,240) -> 109 | F28: =E28-D28 -> -138 | G28: 1 | H28: 9
A29: 28 | B29: 0 | C29: 1 | D29: =RANDBETWEEN(100,250) -> 100 | E29: =RANDBETWEEN(90,240) -> 142 | F29: =E29-D29 -> 42 | G29: 0 | H29: 12
A30: 29 | B30: 0 | C30: 1 | D30: =RANDBETWEEN(100,250) -> 176 | E30: =RANDBETWEEN(90,240) -> 209 | F30: =E30-D30 -> 33 | G30: 0 | H30: 12
A31: 30 | B31: 0 | C31: 1 | D31: =RANDBETWEEN(100,250) -> 188 | E31: =RANDBETWEEN(90,240) -> 144 | F31: =E31-D31 -> -44 | G31: 0 | H31: 12

Sheet analysis
A1: ID | B1: devorce | C1: treatment | D1: income_before | E1: income_after | F1: gap_income | G1: lost_job | H1: education | I1: y=1|b | J1: y=0|b | K1: y|t=1 | L1: y|t=0
A2: 1 | B2: 0 | C2: 1 | D2: =payment_sample!D2 -> 112 | E2: =payment_sample!E2 -> 186 | F2: =E2-D2 -> 74 | G2: =payment_sample!G2 -> 0 | H2: =payment_sample!H2 -> 14 | I2: =IF(C2=1,D2,"") -> 112 | J2: =IF(C2=0,D2,"") | K2: =IF(C2=1,F2,"") -> 74 | L2: =IF(C2=0,F2,"")
A3: 2 | B3: 1 | C3: 0 | D3: =payment_sample!D3 -> 337 | E3: =payment_sample!E3 -> 176 | F3: =E3-D3 -> -161 | G3: =payment_sample!G3 -> 1 | H3: =payment_sample!H3 -> 12 | I3: =IF(C3=1,D3,"") | J3: =IF(C3=0,D3,"") -> 337 | K3: =IF(C3=1,F3,"") | L3: =IF(C3=0,F3,"") -> -161
A4: 3 | B4: 0 | C4: 1 | D4: =payment_sample!D4 -> 230 | E4: =payment_sample!E4 -> 127 | F4: =E4-D4 -> -103 | G4: =payment_sample!G4 -> 0 | H4: =payment_sample!H4 -> 12 | I4: =IF(C4=1,D4,"") -> 230 | J4: =IF(C4=0,D4,"") | K4: =IF(C4=1,F4,"") -> -103 | L4: =IF(C4=0,F4,"")
A5: 4 | B5: 0 | C5: 1 | D5: =payment_sample!D5 -> 216 | E5: =payment_sample!E5 -> 156 | F5: =E5-D5 -> -60 | G5: =payment_sample!G5 -> 1 | H5: =payment_sample!H5 -> 9 | I5: =IF(C5=1,D5,"") -> 216 | J5: =IF(C5=0,D5,"") | K5: =IF(C5=1,F5,"") -> -60 | L5: =IF(C5=0,F5,"")
A6: 5 | B6: 0 | C6: 1 | D6: =payment_sample!D6 -> 124 | E6: =payment_sample!E6 -> 215 | F6: =E6-D6 -> 91 | G6: =payment_sample!G6 -> 0 | H6: =payment_sample!H6 -> 12 | I6: =IF(C6=1,D6,"") -> 124 | J6: =IF(C6=0,D6,"") | K6: =IF(C6=1,F6,"") -> 91 | L6: =IF(C6=0,F6,"")
A7: 6 | B7: 0 | C7: 1 | D7: =payment_sample!D7 -> 130 | E7: =payment_sample!E7 -> 125 | F7: =E7-D7 -> -5 | G7: =payment_sample!G7 -> 0 | H7: =payment_sample!H7 -> 12 | I7: =IF(C7=1,D7,"") -> 130 | J7: =IF(C7=0,D7,"") | K7: =IF(C7=1,F7,"") -> -5 | L7: =IF(C7=0,F7,"")
A8: 7 | B8: 0 | C8: 1 | D8: =payment_sample!D8 -> 169 | E8: =payment_sample!E8 -> 206 | F8: =E8-D8 -> 37 | G8: =payment_sample!G8 -> 1 | H8: =payment_sample!H8 -> 9 | I8: =IF(C8=1,D8,"") -> 169 | J8: =IF(C8=0,D8,"") | K8: =IF(C8=1,F8,"") -> 37 | L8: =IF(C8=0,F8,"")
A9: 8 | B9: 0 | C9: 1 | D9: =payment_sample!D9 -> 235 | E9: =payment_sample!E9 -> 166 | F9: =E9-D9 -> -69 | G9: =payment_sample!G9 -> 0 | H9: =payment_sample!H9 -> 12 | I9: =IF(C9=1,D9,"") -> 235 | J9: =IF(C9=0,D9,"") | K9: =IF(C9=1,F9,"") -> -69 | L9: =IF(C9=0,F9,"")
A10: 9 | B10: 0 | C10: 1 | D10: =payment_sample!D10 -> 182 | E10: =payment_sample!E10 -> 223 | F10: =E10-D10 -> 41 | G10: =payment_sample!G10 -> 0 | H10: =payment_sample!H10 -> 12 | I10: =IF(C10=1,D10,"") -> 182 | J10: =IF(C10=0,D10,"") | K10: =IF(C10=1,F10,"") -> 41 | L10: =IF(C10=0,F10,"")
A11: 10 | B11: 1 | C11: 1 | D11: =payment_sample!D11 -> 198 | E11: =payment_sample!E11 -> 202 | F11: =E11-D11 -> 4 | G11: =payment_sample!G11 -> 0 | H11: =payment_sample!H11 -> 12 | I11: =IF(C11=1,D11,"") -> 198 | J11: =IF(C11=0,D11,"") | K11: =IF(C11=1,F11,"") -> 4 | L11: =IF(C11=0,F11,"")
A12: 11 | B12: 0 | C12: 0 | D12: =payment_sample!D12 -> 201 | E12: =payment_sample!E12 -> 336 | F12: =E12-D12 -> 135 | G12: =payment_sample!G12 -> 1 | H12: =payment_sample!H12 -> 12 | I12: =IF(C12=1,D12,"") | J12: =IF(C12=0,D12,"") -> 201 | K12: =IF(C12=1,F12,"") | L12: =IF(C12=0,F12,"") -> 135
A13: 12 | B13: 0 | C13: 0 | D13: =payment_sample!D13 -> 203 | E13: =payment_sample!E13 -> 338 | F13: =E13-D13 -> 135 | G13: =payment_sample!G13 -> 1 | H13: =payment_sample!H13 -> 16 | I13: =IF(C13=1,D13,"") | J13: =IF(C13=0,D13,"") -> 203 | K13: =IF(C13=1,F13,"") | L13: =IF(C13=0,F13,"") -> 135
... A21: 20 | B21: 0 | C21: 0 | D21: =payment_sample!D21 -> 241 | E21: =payment_sample!E21 -> 257 | F21: =E21-D21 -> 16 | G21: =payment_sample!G21 -> 0 | H21: =payment_sample!H21 -> 12 | I21: =IF(C21=1,D21,"") | J21: =IF(C21=0,D21,"") -> 241 | K21: =IF(C21=1,F21,"") | L21: =IF(C21=0,F21,"") -> 16
A22: 21 | B22: 0 | C22: 0 | D22: =payment_sample!D22 -> 311 | E22: =payment_sample!E22 -> 347 | F22: =E22-D22 -> 36 | G22: 0 | H22: 16 | I22: =IF(C22=1,D22,"") | J22: =IF(C22=0,D22,"") -> 311 | K22: =IF(C22=1,F22,"") | L22: =IF(C22=0,F22,"") -> 36
A23: 22 | B23: 0 | C23: 0 | D23: =payment_sample!D23 -> 321 | E23: =payment_sample!E23 -> 340 | F23: =E23-D23 -> 19 | G23: 0 | H23: 16 | I23: =IF(C23=1,D23,"") | J23: =IF(C23=0,D23,"") -> 321 | K23: =IF(C23=1,F23,"") | L23: =IF(C23=0,F23,"") -> 19
A24: 23 | B24: 0 | C24: 0 | D24: =payment_sample!D24 -> 264 | E24: =payment_sample!E24 -> 181 | F24: =E24-D24 -> -83 | G24: 0 | H24: 16 | I24: =IF(C24=1,D24,"") | J24: =IF(C24=0,D24,"") -> 264 | K24: =IF(C24=1,F24,"") | L24: =IF(C24=0,F24,"") -> -83
A25: 24 | B25: 0 | C25: 0 | D25: =payment_sample!D25 -> 205 | E25: =payment_sample!E25 -> 275 | F25: =E25-D25 -> 70 | G25: 1 | H25: 12 | I25: =IF(C25=1,D25,"") | J25: =IF(C25=0,D25,"") -> 205 | K25: =IF(C25=1,F25,"") | L25: =IF(C25=0,F25,"") -> 70
A26: 25 | B26: 0 | C26: 1 | D26: =payment_sample!D26 -> 186 | E26: =payment_sample!E26 -> 206 | F26: =E26-D26 -> 20 | G26: 1 | H26: 12 | I26: =IF(C26=1,D26,"") -> 186 | J26: =IF(C26=0,D26,"") | K26: =IF(C26=1,F26,"") -> 20 | L26: =IF(C26=0,F26,"")
A27: 26 | B27: 0 | C27: 1 | D27: =payment_sample!D27 -> 124 | E27: =payment_sample!E27 -> 109 | F27: =E27-D27 -> -15 | G27: 1 | H27: 12 | I27: =IF(C27=1,D27,"") -> 124 | J27: =IF(C27=0,D27,"") | K27: =IF(C27=1,F27,"") -> -15 | L27: =IF(C27=0,F27,"")
A28: 27 | B28: 0 | C28: 1 | D28: =payment_sample!D28 -> 247 | E28: =payment_sample!E28 -> 109 | F28: =E28-D28 -> -138 | G28: 1 | H28: 9 | I28: =IF(C28=1,D28,"") -> 247 | J28: =IF(C28=0,D28,"") | K28: =IF(C28=1,F28,"") -> -138 | L28: =IF(C28=0,F28,"")
A29: 28 | B29: 0 | C29: 1 | D29: =payment_sample!D29 -> 100 | E29: =payment_sample!E29 -> 142 | F29: =E29-D29 -> 42 | G29: 0 | H29: 12 | I29: =IF(C29=1,D29,"") -> 100 | J29: =IF(C29=0,D29,"") | K29: =IF(C29=1,F29,"") -> 42 | L29: =IF(C29=0,F29,"")
A30: 29 | B30: 0 | C30: 1 | D30: =payment_sample!D30 -> 176 | E30: =payment_sample!E30 -> 209 | F30: =E30-D30 -> 33 | G30: 0 | H30: 12 | I30: =IF(C30=1,D30,"") -> 176 | J30: =IF(C30=0,D30,"") | K30: =IF(C30=1,F30,"") -> 33 | L30: =IF(C30=0,F30,"")
A31: 30 | B31: 0 | C31: 1 | D31: =payment_sample!D31 -> 188 | E31: =payment_sample!E31 -> 144 | F31: =E31-D31 -> -44 | G31: 0 | H31: 12 | I31: =IF(C31=1,D31,"") -> 188 | J31: =IF(C31=0,D31,"") | K31: =IF(C31=1,F31,"") -> -44 | L31: =IF(C31=0,F31,"")
B32: =COUNTIF(B21:B21,1)/30 -> 0 | C32: =COUNTIF(C21:C31,1)/30 -> 0.2 | D32: =AVERAGE(D21:D31) -> 214.81818 | E32: =AVERAGE(E21:E31) -> 210.81818 | F32: =AVERAGE(F21:F31) -> -4 | G32: =COUNTIF(G21:G31,1)/30 -> 0.13333333 | H32: =AVERAGE(H21:H31) -> 12.818182 | I32: =AVERAGE(I21:I31) -> 170.16667 | J32: =AVERAGE(J21:J31) -> 268.4 | K32: =AVERAGE(K21:K31) -> -17 | L32: =AVERAGE(L2:L31) -> 11.6
